Type,Title,Authors,Journal_Conference,Year,Volume_Pages,DOI_URL,Status
Journal,Estimating Situational Awareness and Predicting Gaze Allocation Strategies of Pedestrians using Markov Model,"Krishna, K. V., & Choudhary, P.",Transportation Research Record: Journal of the TRB,2026,In Press,https://doi.org/10.1177/03611981251410917,In Press
Journal,Does Listening to Music Impact Pedestrian Safety while Crossing the Road? Investigating using the VR Approach,"Krishna, K. V., & Choudhary, P.",Transportation Research Part F: Traffic Psychology and Behaviour,2025,Vol 111 (162-176),https://doi.org/10.1016/j.trf.2025.03.001,Published
Journal,Unravelling situational awareness of multi-tasking pedestrians through average gaze fixation durations: An accelerated failure time modelling approach,"Krishna, K. V., & Choudhary, P.",Accident Analysis & Prevention,2025,Vol 211 (107912),https://doi.org/10.1016/j.aap.2024.107912,Published
Journal,Understanding distracted pedestrians risky behaviour: The role of walking and visual characteristics through a field study,"Krishna, K. V., Kapruwan, R., & Choudhary, P.",Transportation Research Part F: Traffic Psychology and Behaviour,2024,Vol 101 (111-129),https://doi.org/10.1016/j.trf.2024.01.003,Published
Pipeline,Evaluating the Risky Behaviour of Distracted Pedestrians using an Interpretable Machine Learning Approach,"Krishna, K. V., & Choudhary, P.",,,,,,In Pipeline
Pipeline,Unveiling the Effectiveness of Countermeasures to Alert Distracted Pedestrians,"Krishna, K. V., & Choudhary, P.",,,,,,In Pipeline
Pipeline,Effect of Haptic Watch on Risky Behaviour of Pedestrians: Co-Simulation Environment Testing Strategy,"Surya, C. S., Krishna, K. V., Choudhary, P., & Atreya, S.",,,,,,In Pipeline
Pipeline,An Automated Gaze Fixation Mapping Algorithm using Computer Vision Technique,"Krishna, K. V., Singh, P., Rudra, V., & Choudhary, P.",,,,,,In Pipeline
Pipeline,An end-to-end Software Tool for Obtaining Gaze Evaluation Metrics for Pupil Core Eye Tracker,"Krishna, K. V., Vanshmeet, K., Jain, V., & Choudhary, P.",,,,,,In Pipeline
